{"schemaVersion":"1.0","appDefinitionTemplate":{"id":"/providers/Microsoft.PowerApps/apps/","type":"Microsoft.PowerApps/apps","tags":{"minimumRequiredApiVersion":"2.2.0"},"properties":{"appVersion":"2019-02-11T19:52:21Z","lifeCycleId":"Published","createdByClientVersion":{"major":3,"minor":19014,"build":10,"revision":0,"majorRevision":0,"minorRevision":0},"minClientVersion":{"major":3,"minor":19014,"build":10,"revision":0,"majorRevision":0,"minorRevision":0},"backgroundColor":"rgba(0, 176, 240, 1)","backgroundImageUri":"/11295389054799131607/N1b22e442-7f41-4acf-affa-d130d0735672-logoSmallFile","displayName":"Room Requests","description":"","appUris":{"documentUri":{"value":"/11295389054799131607/N00c02335-6536-445a-ab91-1ea5e3126469-document.msapp","readonlyValue":"/11295389054799131607/N00c02335-6536-445a-ab91-1ea5e3126469-document.msapp"},"imageUris":[]},"createdTime":"0001-01-01T00:00:00Z","lastModifiedTime":"0001-01-01T00:00:00Z","sharedGroupsCount":0,"sharedUsersCount":0,"icons":{"smallIconUri":"/11295389054799131607/N8b9c3f3b-1782-4871-9226-85608395efc3-small.png","mediumIconUri":"/11295389054799131607/N6510ee53-a27e-4080-8261-2a318002c563-medium.png","largeIconUri":"/11295389054799131607/N047541f0-073c-494d-9fd7-0a85ebd8d8be-large.png","wideIconUri":"/11295389054799131607/N8fa0d038-2ae9-44d9-9359-3ed9f4cf0295-wide.png"},"connectionReferences":{"90410cfc-12de-414f-896d-286922b84f82":{"id":"209bfab1-7f63-4911-95b6-7cc477d712df","displayName":"Common Data Service","iconUri":"https://connectoricons-prod.azureedge.net/commondataservice/icon_1.0.1137.1425.png","dataSources":["Room Requests"],"dependencies":[],"dependents":[],"parameterHints":{},"isOnPremiseConnection":false,"bypassConsent":false,"dataSets":{"default.cds":{"dataSources":{"Room Requests":{"tableName":"cr3a6_roomrequests"}}}},"apiTier":"Premium","isCustomApiConnection":false}},"almMode":"Environment"}}}