{"name":"886bea15-defa-4868-95d3-63f63656bb68","id":"/providers/Microsoft.Flow/flows/886bea15-defa-4868-95d3-63f63656bb68","type":"Microsoft.Flow/flows","properties":{"apiId":"/providers/Microsoft.PowerApps/apis/shared_logicflows","displayName":"Create New Issue Task in Planner","definition":{"metadata":{"workflowEntityId":null,"creator":{"id":"249d52d8-0935-4898-a60a-947f4d3a044c","type":"User","tenantId":"f27852cd-5c22-485a-b710-34e9374e0317"},"provisioningMethod":"FromDefinition","failureAlertSubscription":true,"clientLastModifiedTime":"2019-02-11T07:43:24.1603168Z"},"$schema":"https://schema.management.azure.com/providers/Microsoft.Logic/schemas/2016-06-01/workflowdefinition.json#","contentVersion":"1.0.0.0","parameters":{"$connections":{"defaultValue":{},"type":"Object"},"$authentication":{"defaultValue":{},"type":"SecureObject"}},"triggers":{"When_new_issue_is_created":{"recurrence":{"interval":1,"frequency":"Minute"},"splitOn":"@triggerBody()?['value']","metadata":{"flowSystemMetadata":{"swaggerOperationId":"GetOnNewItems"}},"type":"ApiConnection","inputs":{"host":{"connection":{"name":"@parameters('$connections')['shared_sharepointonline']['connectionId']"},"api":{"runtimeUrl":"https://flow-apim-msmanaged-na-centralus-01.azure-apim.net/apim/sharepointonline"}},"method":"get","path":"/datasets/@{encodeURIComponent(encodeURIComponent('https://j3tsp.sharepoint.com/sites/SnowTechIndustries'))}/tables/@{encodeURIComponent(encodeURIComponent('dd5b4d2b-8f97-487e-bf6e-b5185bad87e5'))}/onnewitems","authentication":"@parameters('$authentication')"}}},"actions":{"Create_a_task":{"runAfter":{},"metadata":{"flowSystemMetadata":{"swaggerOperationId":"CreateTask_V2"}},"type":"ApiConnection","inputs":{"host":{"connection":{"name":"@parameters('$connections')['shared_planner']['connectionId']"},"api":{"runtimeUrl":"https://flow-apim-msmanaged-na-eastus2-01.azure-apim.net/apim/planner"}},"method":"post","body":{"planId":"lshZWIctPkeG08p8Bkd-mWQAAh4c","title":"@{concat(triggerBody()?['ID'], '- ',triggerBody()?['Title'])}","bucketId":"p7qVgZGZuUCCInNdZ53jZmQAPcwx","startDateTime":"@triggerBody()?['Created']","dueDateTime":"@{addDays(triggerBody()?['Created'],3)}","assignments":"@{if(equals(triggerBody()?['Issue_x0020_Type']?['Value'],'Physical connection'),'sarad@j3tsp.com',if(equals(triggerBody()?['Issue_x0020_Type']?['Value'],'Internet connectivity'),'alexd@j3tsp.com',if(equals(triggerBody()?['Issue_x0020_Type']?['Value'],'Screen/Projector'),'allieb@j3tsp.com',if(equals(triggerBody()?['Issue_x0020_Type']?['Value'],'Broken Chair/Table'),'allieb@j3tsp.com',''))))}"},"headers":{"prefer":" return=representation"},"path":"/v1.0/planner/tasks","authentication":"@parameters('$authentication')"}},"Update_task_description":{"runAfter":{"Post_message":["Succeeded"]},"metadata":{"flowSystemMetadata":{"swaggerOperationId":"UpdateTaskDetails_V2"}},"type":"ApiConnection","inputs":{"host":{"connection":{"name":"@parameters('$connections')['shared_planner']['connectionId']"},"api":{"runtimeUrl":"https://flow-apim-msmanaged-na-eastus2-01.azure-apim.net/apim/planner"}},"method":"patch","body":{"description":"@{triggerBody()?['Description']}\n","references":[{"alias":"@triggerBody()?['Title']","resourceLink":"@triggerBody()?['{Link}']","type":"Other"}]},"headers":{"prefer":" return=representation"},"path":"/v1.0/planner/tasks/@{encodeURIComponent(body('Create_a_task')?['id'])}/details","authentication":"@parameters('$authentication')"}},"Delay":{"runAfter":{"Create_a_task":["Succeeded"]},"type":"Wait","inputs":{"interval":{"count":1,"unit":"Minute"}}},"Post_message":{"runAfter":{"Delay":["Succeeded"]},"metadata":{"flowSystemMetadata":{"swaggerOperationId":"PostMessageToChannel"}},"type":"ApiConnection","inputs":{"host":{"connection":{"name":"@parameters('$connections')['shared_teams']['connectionId']"},"api":{"runtimeUrl":"https://flow-apim-msmanaged-na-northcentralus-01.azure-apim.net/apim/teams"}},"method":"post","body":{"rootMessage":{"body":{"content":"New Room Issue Submitted <a href=\"https://tasks.office.com/j3tsp.com/en-US/Home/Planner/#/plantaskboard?groupId=9eb4ce64-07fd-4a79-88ec-19fb439f8473&planId=lshZWIctPkeG08p8Bkd-mWQAAh4c\">Open Task</a>","contentType":1}}},"path":"/beta/groups/@{encodeURIComponent('9eb4ce64-07fd-4a79-88ec-19fb439f8473')}/channels/@{encodeURIComponent('19:e3d4b872cefb4df4a1d7f8173cd3b3ec@thread.skype')}/chatThreads","authentication":"@parameters('$authentication')"}}},"outputs":{}},"connectionReferences":{"shared_planner":{"connectionName":"3f4ccc033ee34857a0b0c1d89d0c6d74","source":"Embedded","id":"/providers/Microsoft.PowerApps/apis/shared_planner","tier":"NotSpecified"},"shared_teams":{"connectionName":"shared-teams-bd590375-871d-494d-8fc5-5fe187339e20","source":"Embedded","id":"/providers/Microsoft.PowerApps/apis/shared_teams","tier":"NotSpecified"},"shared_sharepointonline":{"connectionName":"0dc9bec7ea500466b24a4439acf4719e","source":"Embedded","id":"/providers/Microsoft.PowerApps/apis/shared_sharepointonline","tier":"NotSpecified"}},"flowFailureAlertSubscribed":false}}