{"name":"659911e9-0c9b-4b7a-a1c7-ae038a2095cc","id":"/providers/Microsoft.Flow/flows/659911e9-0c9b-4b7a-a1c7-ae038a2095cc","type":"Microsoft.Flow/flows","properties":{"apiId":"/providers/Microsoft.PowerApps/apis/shared_logicflows","displayName":"Update Room Issue List when Task is Resolved","definition":{"metadata":{"workflowEntityId":null,"creator":{"id":"249d52d8-0935-4898-a60a-947f4d3a044c","type":"User","tenantId":"f27852cd-5c22-485a-b710-34e9374e0317"},"provisioningMethod":"FromDefinition","failureAlertSubscription":true,"clientLastModifiedTime":"2019-02-09T20:30:07.5184666Z"},"$schema":"https://schema.management.azure.com/providers/Microsoft.Logic/schemas/2016-06-01/workflowdefinition.json#","contentVersion":"1.0.0.0","parameters":{"$connections":{"defaultValue":{},"type":"Object"},"$authentication":{"defaultValue":{},"type":"SecureObject"}},"triggers":{"When_a_task_is_completed":{"recurrence":{"interval":1,"frequency":"Minute"},"splitOn":"@triggerBody()?['value']","metadata":{"flowSystemMetadata":{"swaggerOperationId":"OnCompleteTask_V2"}},"type":"ApiConnection","inputs":{"host":{"connection":{"name":"@parameters('$connections')['shared_planner']['connectionId']"},"api":{"runtimeUrl":"https://flow-apim-msmanaged-na-eastus2-01.azure-apim.net/apim/planner"}},"method":"get","path":"/v1.0/planner/oncompletetask_trigger/plans/@{encodeURIComponent('lshZWIctPkeG08p8Bkd-mWQAAh4c')}/tasks","authentication":"@parameters('$authentication')"}}},"actions":{"Update_item":{"runAfter":{"Get_item":["Succeeded"]},"metadata":{"flowSystemMetadata":{"swaggerOperationId":"PatchItem"}},"type":"ApiConnection","inputs":{"host":{"connection":{"name":"@parameters('$connections')['shared_sharepointonline']['connectionId']"},"api":{"runtimeUrl":"https://flow-apim-msmanaged-na-centralus-01.azure-apim.net/apim/sharepointonline"}},"method":"patch","body":{"Title":"@body('Get_item')['Title']","Room":{"Id":"@body('Get_item')?['Room']?['Id']"},"Description":"@body('Get_item')?['Description']","Status":{"Value":"Resolved"},"Issue_x0020_Type":{"Value":"@body('Get_item')?['Issue_x0020_Type']?['Value']"}},"path":"/datasets/@{encodeURIComponent(encodeURIComponent('https://j3tsp.sharepoint.com/sites/SnowTechIndustries'))}/tables/@{encodeURIComponent(encodeURIComponent('dd5b4d2b-8f97-487e-bf6e-b5185bad87e5'))}/items/@{encodeURIComponent(body('Get_item')?['ID'])}","authentication":"@parameters('$authentication')"}},"Get_item":{"runAfter":{},"metadata":{"flowSystemMetadata":{"swaggerOperationId":"GetItem"}},"type":"ApiConnection","inputs":{"host":{"connection":{"name":"@parameters('$connections')['shared_sharepointonline']['connectionId']"},"api":{"runtimeUrl":"https://flow-apim-msmanaged-na-centralus-01.azure-apim.net/apim/sharepointonline"}},"method":"get","path":"/datasets/@{encodeURIComponent(encodeURIComponent('https://j3tsp.sharepoint.com/sites/SnowTechIndustries'))}/tables/@{encodeURIComponent(encodeURIComponent('dd5b4d2b-8f97-487e-bf6e-b5185bad87e5'))}/items/@{encodeURIComponent(substring(triggerBody()?['title'],0,indexOf(triggerBody()?['title'],'-')))}","authentication":"@parameters('$authentication')"}}},"outputs":{}},"connectionReferences":{"shared_planner":{"connectionName":"3f4ccc033ee34857a0b0c1d89d0c6d74","source":"Embedded","id":"/providers/Microsoft.PowerApps/apis/shared_planner","tier":"NotSpecified"},"shared_sharepointonline":{"connectionName":"0dc9bec7ea500466b24a4439acf4719e","source":"Embedded","id":"/providers/Microsoft.PowerApps/apis/shared_sharepointonline","tier":"NotSpecified"}},"flowFailureAlertSubscribed":false}}