{"name":"9b7bedfa-964d-40e0-a50c-e32938d56293","id":"/providers/Microsoft.Flow/flows/9b7bedfa-964d-40e0-a50c-e32938d56293","type":"Microsoft.Flow/flows","properties":{"apiId":"/providers/Microsoft.PowerApps/apis/shared_logicflows","displayName":"Process New Room Request","definition":{"metadata":{"workflowEntityId":null,"creator":{"id":"249d52d8-0935-4898-a60a-947f4d3a044c","type":"User","tenantId":"f27852cd-5c22-485a-b710-34e9374e0317"},"provisioningMethod":"FromDefinition","failureAlertSubscription":true,"clientLastModifiedTime":"2019-02-11T17:58:27.7111631Z"},"$schema":"https://schema.management.azure.com/providers/Microsoft.Logic/schemas/2016-06-01/workflowdefinition.json#","contentVersion":"1.0.0.0","parameters":{"$connections":{"defaultValue":{},"type":"Object"},"$authentication":{"defaultValue":{},"type":"SecureObject"}},"triggers":{"When_a_record_is_created":{"metadata":{"flowSystemMetadata":{"swaggerOperationId":"SubscribeOnNewItems"}},"type":"ApiConnectionWebhook","inputs":{"host":{"connection":{"name":"@parameters('$connections')['shared_commondataservice']['connectionId']"},"api":{"runtimeUrl":"https://unitedstates-002.azure-apim.net/apim/commondataservice"}},"body":{"NotificationUrl":"@{listCallbackUrl()}"},"path":"/datasets/@{encodeURIComponent(encodeURIComponent('org388bf65f.crm'))}/tables/@{encodeURIComponent(encodeURIComponent('cr3a6_roomrequests'))}/onnewitemswebhook","queries":{"scope":"Organization"},"authentication":"@parameters('$authentication')"}}},"actions":{"Start_an_approval":{"runAfter":{},"metadata":{"flowSystemMetadata":{"swaggerOperationId":"approvalSubscribeV2"}},"type":"ApiConnectionWebhook","inputs":{"host":{"connection":{"name":"@parameters('$connections')['shared_approvals']['connectionId']"},"api":{"runtimeUrl":"https://unitedstates-002.azure-apim.net/apim/approvals"}},"body":{"notificationUrl":"@{listCallbackUrl()}","title":"New Room Request","assignedTo":"sarad@j3tsp.com;","requestor":"sarad@j3tsp.com;","details":"New Room Request at @{triggerBody()?['cr3a6_address']} for @{triggerBody()?['cr3a6_businessjustification']}","enableNotifications":true},"path":"/types/@{encodeURIComponent('Basic')}/$subscriptions","authentication":"@parameters('$authentication')"}},"Condition":{"actions":{"Create_a_task":{"runAfter":{},"metadata":{"flowSystemMetadata":{"swaggerOperationId":"CreateTask_V2"}},"type":"ApiConnection","inputs":{"host":{"connection":{"name":"@parameters('$connections')['shared_planner']['connectionId']"},"api":{"runtimeUrl":"https://unitedstates-002.azure-apim.net/apim/planner"}},"method":"post","body":{"planId":"lshZWIctPkeG08p8Bkd-mWQAAh4c","title":"Add New Room","startDateTime":"@body('Start_an_approval')?['responseDate']","assignments":"sarad@j3tsp.com"},"headers":{"prefer":" return=representation"},"path":"/v1.0/planner/tasks","authentication":"@parameters('$authentication')"}}},"runAfter":{"Start_an_approval":["Succeeded"]},"else":{"actions":{"Delete_a_record":{"runAfter":{},"metadata":{"flowSystemMetadata":{"swaggerOperationId":"DeleteItem"}},"type":"ApiConnection","inputs":{"host":{"connection":{"name":"@parameters('$connections')['shared_commondataservice']['connectionId']"},"api":{"runtimeUrl":"https://unitedstates-002.azure-apim.net/apim/commondataservice"}},"method":"delete","path":"/datasets/@{encodeURIComponent(encodeURIComponent('org388bf65f.crm'))}/tables/@{encodeURIComponent(encodeURIComponent('cr3a6_roomrequests'))}/items/@{encodeURIComponent(encodeURIComponent(triggerBody()?['cr3a6_roomrequestid']))}","authentication":"@parameters('$authentication')"}}}},"expression":{"equals":["@body('Start_an_approval')?['response']","Approve"]},"type":"If"}},"outputs":{}},"connectionReferences":{"shared_approvals":{"connectionName":"shared-approvals-933c495d-7255-4aae-bdf1-b581c6f41940","source":"Embedded","id":"/providers/Microsoft.PowerApps/apis/shared_approvals","tier":"NotSpecified"},"shared_planner":{"connectionName":"f4b1ef8764c14ea5a2debf538a358033","source":"Embedded","id":"/providers/Microsoft.PowerApps/apis/shared_planner","tier":"NotSpecified"},"shared_commondataservice":{"connectionName":"372f8253b8a44729a3ab9563ea22cc4a","source":"Embedded","id":"/providers/Microsoft.PowerApps/apis/shared_commondataservice","tier":"NotSpecified"}},"flowFailureAlertSubscribed":false}}