{"schemaVersion":"1.0","appDefinitionTemplate":{"id":"/providers/Microsoft.PowerApps/apps/","type":"Microsoft.PowerApps/apps","tags":{"minimumRequiredApiVersion":"2.2.0"},"properties":{"appVersion":"2019-02-11T08:30:10Z","lifeCycleId":"Published","createdByClientVersion":{"major":3,"minor":19014,"build":10,"revision":0,"majorRevision":0,"minorRevision":0},"minClientVersion":{"major":3,"minor":19014,"build":10,"revision":0,"majorRevision":0,"minorRevision":0},"backgroundColor":"rgba(0, 176, 240, 1)","backgroundImageUri":"/8641936875197291797/N7495333e-a665-4a3f-834c-4fc04e7fbaff-N6f5aac34-9ed9-48aa-8a0a-0f9f7d80216d-logoSmallFile","displayName":"Room Issue Form","description":"","appUris":{"documentUri":{"value":"/8641936875197291797/Nd82ccc63-5d6f-436c-a867-503d9bc5f3af-N75a8d545-a9d2-4357-befb-f656d1e9424d-document.msapp","readonlyValue":"/8641936875197291797/Nd82ccc63-5d6f-436c-a867-503d9bc5f3af-N75a8d545-a9d2-4357-befb-f656d1e9424d-document.msapp"},"imageUris":[]},"createdTime":"0001-01-01T00:00:00Z","lastModifiedTime":"0001-01-01T00:00:00Z","sharedGroupsCount":0,"sharedUsersCount":0,"icons":{"smallIconUri":"/8641936875197291797/N531da666-ab09-4f0c-bdf7-0fa293a9f71d-N2640f637-b9ca-4828-a122-19d49eec4be7-small.png","mediumIconUri":"/8641936875197291797/N39a77b07-e315-4f4f-ac98-88cbbdc5e6cd-Nb19597a7-b15a-4a29-b222-a0d2d3979176-medium.png","largeIconUri":"/8641936875197291797/N60dd4dde-64d9-4f8a-b891-050c916efda9-N286a2b7c-0e9a-4439-8139-6d6453a5c793-large.png","wideIconUri":"/8641936875197291797/N6b790971-f3e4-4d1d-85eb-29055c2f1448-Nf6b61bc7-1821-4d68-9f2a-61a60bbf6532-wide.png"},"connectionReferences":{"3aacf983-33d1-4c55-b666-eacb2cf2c554":{"id":"80bbf5b9-c00b-42f2-a736-0b4aed1cd1ee","displayName":"SharePoint","iconUri":"https://connectoricons-prod.azureedge.net/sharepointonline/icon_1.0.1019.1195.png","dataSources":["Room Issues"],"dependencies":[],"dependents":[],"parameterHints":{},"isOnPremiseConnection":false,"bypassConsent":false,"dataSets":{"https://j3tsp.sharepoint.com/sites/SnowTechIndustries":{"dataSources":{"Room Issues":{"tableName":"dd5b4d2b-8f97-487e-bf6e-b5185bad87e5"}}}},"apiTier":"Standard","isCustomApiConnection":false}},"almMode":"Environment"}}}